sample_idx,depth,elapsed_sec,t_onset,stroke_type
1,1,0.014023667,188.30199441101743,HEMORRHAGIC
2,1,0.0130135,214.66867744194403,LVO
3,1,0.010722708,213.07051416842882,LVO
4,1,0.009727959,60.781956397096295,MIMIC
5,1,0.010650292,114.36962585798068,HEMORRHAGIC
6,1,0.008735584,80.97973948548149,MIMIC
7,1,0.009618583,157.47223848179385,LVO
8,1,0.008362833,96.73605868620757,HEMORRHAGIC
9,1,0.008036542,202.96935053511342,HEMORRHAGIC
10,1,0.007942041,153.7601749813806,LVO
11,1,0.008881708,225.6546866934055,LVO
12,1,0.007755458,209.15654098567109,LVO
13,1,0.007282291,47.22101278775435,MIMIC
14,1,0.007932209,71.75629133733935,NLVO
15,1,0.006922041,72.69100969083198,HEMORRHAGIC
16,1,0.006875333,204.0924693002858,HEMORRHAGIC
17,1,0.00878025,257.9074378611924,NLVO
18,1,0.007259458,245.51914619287595,HEMORRHAGIC
19,1,0.007360667,163.8246029203924,HEMORRHAGIC
20,1,0.007116291,207.79866852236313,MIMIC
21,1,0.009141625,58.26959259719863,NLVO
22,1,0.008788208,203.85807653392118,HEMORRHAGIC
23,1,0.008902959,224.05093019331966,LVO
24,1,0.009538667,160.09214220440094,LVO
25,1,0.008838625,255.15719416094845,NLVO
26,1,0.008234292,260.9523288475539,HEMORRHAGIC
27,1,0.009936,74.46970722837312,LVO
28,1,0.008801292,210.0952963566244,HEMORRHAGIC
29,1,0.008354292,182.41315778269978,HEMORRHAGIC
30,1,0.008532125,247.01907690551775,NLVO
31,1,0.01243675,172.9406340565772,NLVO
32,1,0.010067042,52.85107011287639,MIMIC
33,1,0.008944625,169.3754061187562,HEMORRHAGIC
34,1,0.008633333,56.80509156288116,HEMORRHAGIC
35,1,0.007784292,104.1637856584373,HEMORRHAGIC
36,1,0.008293541,166.52993150183045,MIMIC
37,1,0.01042625,190.75198116862143,HEMORRHAGIC
38,1,0.008354084,192.64135017974175,LVO
39,1,0.009522333,57.5252733405117,LVO
40,1,0.008414167,219.8283729195631,HEMORRHAGIC
41,1,0.008267625,222.00461090135227,LVO
42,1,0.008235166,115.98938867194578,HEMORRHAGIC
43,1,0.008117916,58.81209126301037,HEMORRHAGIC
44,1,0.00770425,162.39286560341998,LVO
45,1,0.008058459,79.28205574891768,LVO
46,1,0.008058375,253.57578479354677,MIMIC
47,1,0.008004125,46.10607790913471,LVO
48,1,0.008115417,103.81748048656443,HEMORRHAGIC
49,1,0.008347833,224.72095329533394,MIMIC
50,1,0.00841025,156.01605191827838,HEMORRHAGIC
1,2,0.022227042,188.30199441101743,HEMORRHAGIC
2,2,0.02029375,214.66867744194403,LVO
3,2,0.032406709,213.07051416842882,LVO
4,2,0.013411458,60.781956397096295,MIMIC
5,2,0.013846666,114.36962585798068,HEMORRHAGIC
6,2,0.015396041,80.97973948548149,MIMIC
7,2,0.01332175,157.47223848179385,LVO
8,2,0.013182792,96.73605868620757,HEMORRHAGIC
9,2,0.016781958,202.96935053511342,HEMORRHAGIC
10,2,0.0173335,153.7601749813806,LVO
11,2,0.014019958,225.6546866934055,LVO
12,2,0.01677,209.15654098567109,LVO
13,2,0.015494541,47.22101278775435,MIMIC
14,2,0.013405875,71.75629133733935,NLVO
15,2,0.013516667,72.69100969083198,HEMORRHAGIC
16,2,0.01643925,204.0924693002858,HEMORRHAGIC
17,2,0.015768458,257.9074378611924,NLVO
18,2,0.016119125,245.51914619287595,HEMORRHAGIC
19,2,0.012944166,163.8246029203924,HEMORRHAGIC
20,2,0.013524084,207.79866852236313,MIMIC
21,2,0.019812125,58.26959259719863,NLVO
22,2,0.017968084,203.85807653392118,HEMORRHAGIC
23,2,0.017351416,224.05093019331966,LVO
24,2,0.01503475,160.09214220440094,LVO
25,2,0.02467325,255.15719416094845,NLVO
26,2,0.01555225,260.9523288475539,HEMORRHAGIC
27,2,0.013565209,74.46970722837312,LVO
28,2,0.0139025,210.0952963566244,HEMORRHAGIC
29,2,0.017768708,182.41315778269978,HEMORRHAGIC
30,2,0.014439542,247.01907690551775,NLVO
31,2,0.015089791,172.9406340565772,NLVO
32,2,0.017615916,52.85107011287639,MIMIC
33,2,0.014021,169.3754061187562,HEMORRHAGIC
34,2,0.016562875,56.80509156288116,HEMORRHAGIC
35,2,0.015747459,104.1637856584373,HEMORRHAGIC
36,2,0.017451958,166.52993150183045,MIMIC
37,2,0.013015916,190.75198116862143,HEMORRHAGIC
38,2,0.016111667,192.64135017974175,LVO
39,2,0.019162625,57.5252733405117,LVO
40,2,0.020998334,219.8283729195631,HEMORRHAGIC
41,2,0.0193535,222.00461090135227,LVO
42,2,0.018804292,115.98938867194578,HEMORRHAGIC
43,2,0.017774167,58.81209126301037,HEMORRHAGIC
44,2,0.012770375,162.39286560341998,LVO
45,2,0.024509208,79.28205574891768,LVO
46,2,0.015010916,253.57578479354677,MIMIC
47,2,0.017651167,46.10607790913471,LVO
48,2,0.015411917,103.81748048656443,HEMORRHAGIC
49,2,0.015471375,224.72095329533394,MIMIC
50,2,0.016721166,156.01605191827838,HEMORRHAGIC
1,3,0.035149625,188.30199441101743,HEMORRHAGIC
2,3,0.031441709,214.66867744194403,LVO
3,3,0.037192916,213.07051416842882,LVO
4,3,0.028702125,60.781956397096295,MIMIC
5,3,0.027611416,114.36962585798068,HEMORRHAGIC
6,3,0.028147625,80.97973948548149,MIMIC
7,3,0.023253042,157.47223848179385,LVO
8,3,0.024495625,96.73605868620757,HEMORRHAGIC
9,3,0.02565225,202.96935053511342,HEMORRHAGIC
10,3,0.0246555,153.7601749813806,LVO
11,3,0.024528167,225.6546866934055,LVO
12,3,0.024933334,209.15654098567109,LVO
13,3,0.022877083,47.22101278775435,MIMIC
14,3,0.022673167,71.75629133733935,NLVO
15,3,0.026296083,72.69100969083198,HEMORRHAGIC
16,3,0.022173417,204.0924693002858,HEMORRHAGIC
17,3,0.025436625,257.9074378611924,NLVO
18,3,0.023917167,245.51914619287595,HEMORRHAGIC
19,3,0.024041,163.8246029203924,HEMORRHAGIC
20,3,0.025516875,207.79866852236313,MIMIC
21,3,0.024990166,58.26959259719863,NLVO
22,3,0.02563625,203.85807653392118,HEMORRHAGIC
23,3,0.024825208,224.05093019331966,LVO
24,3,0.026894959,160.09214220440094,LVO
25,3,0.022612875,255.15719416094845,NLVO
26,3,0.023509375,260.9523288475539,HEMORRHAGIC
27,3,0.026673875,74.46970722837312,LVO
28,3,0.023520042,210.0952963566244,HEMORRHAGIC
29,3,0.026134084,182.41315778269978,HEMORRHAGIC
30,3,0.025965208,247.01907690551775,NLVO
31,3,0.026540375,172.9406340565772,NLVO
32,3,0.027691584,52.85107011287639,MIMIC
33,3,0.024063834,169.3754061187562,HEMORRHAGIC
34,3,0.028719125,56.80509156288116,HEMORRHAGIC
35,3,0.021883,104.1637856584373,HEMORRHAGIC
36,3,0.026732,166.52993150183045,MIMIC
37,3,0.023841542,190.75198116862143,HEMORRHAGIC
38,3,0.0250315,192.64135017974175,LVO
39,3,0.026445292,57.5252733405117,LVO
40,3,0.024211375,219.8283729195631,HEMORRHAGIC
41,3,0.025519208,222.00461090135227,LVO
42,3,0.024753625,115.98938867194578,HEMORRHAGIC
43,3,0.024029834,58.81209126301037,HEMORRHAGIC
44,3,0.024624708,162.39286560341998,LVO
45,3,0.023174292,79.28205574891768,LVO
46,3,0.025946667,253.57578479354677,MIMIC
47,3,0.023975375,46.10607790913471,LVO
48,3,0.02277425,103.81748048656443,HEMORRHAGIC
49,3,0.027545375,224.72095329533394,MIMIC
50,3,0.023535417,156.01605191827838,HEMORRHAGIC
1,4,0.047203834,188.30199441101743,HEMORRHAGIC
2,4,0.046792958,214.66867744194403,LVO
3,4,0.049214834,213.07051416842882,LVO
4,4,0.049539792,60.781956397096295,MIMIC
5,4,0.0498915,114.36962585798068,HEMORRHAGIC
6,4,0.049171791,80.97973948548149,MIMIC
7,4,0.043816958,157.47223848179385,LVO
8,4,0.050463541,96.73605868620757,HEMORRHAGIC
9,4,0.049174417,202.96935053511342,HEMORRHAGIC
10,4,0.051427,153.7601749813806,LVO
11,4,0.051139417,225.6546866934055,LVO
12,4,0.049449167,209.15654098567109,LVO
13,4,0.048557375,47.22101278775435,MIMIC
14,4,0.054751041,71.75629133733935,NLVO
15,4,0.046167666,72.69100969083198,HEMORRHAGIC
16,4,0.038874583,204.0924693002858,HEMORRHAGIC
17,4,0.046240375,257.9074378611924,NLVO
18,4,0.054191584,245.51914619287595,HEMORRHAGIC
19,4,0.051002041,163.8246029203924,HEMORRHAGIC
20,4,0.052893542,207.79866852236313,MIMIC
21,4,0.051197708,58.26959259719863,NLVO
22,4,0.048433542,203.85807653392118,HEMORRHAGIC
23,4,0.052237,224.05093019331966,LVO
24,4,0.053287041,160.09214220440094,LVO
25,4,0.047150042,255.15719416094845,NLVO
26,4,0.05168425,260.9523288475539,HEMORRHAGIC
27,4,0.0533305,74.46970722837312,LVO
28,4,0.052938084,210.0952963566244,HEMORRHAGIC
29,4,0.051167458,182.41315778269978,HEMORRHAGIC
30,4,0.052360542,247.01907690551775,NLVO
31,4,0.04879825,172.9406340565772,NLVO
32,4,0.048073125,52.85107011287639,MIMIC
33,4,0.049191959,169.3754061187562,HEMORRHAGIC
34,4,0.0518675,56.80509156288116,HEMORRHAGIC
35,4,0.044840125,104.1637856584373,HEMORRHAGIC
36,4,0.055113542,166.52993150183045,MIMIC
37,4,0.045024167,190.75198116862143,HEMORRHAGIC
38,4,0.045480208,192.64135017974175,LVO
39,4,0.04514675,57.5252733405117,LVO
40,4,0.048344458,219.8283729195631,HEMORRHAGIC
41,4,0.047766041,222.00461090135227,LVO
42,4,0.048628334,115.98938867194578,HEMORRHAGIC
43,4,0.0491025,58.81209126301037,HEMORRHAGIC
44,4,0.043835,162.39286560341998,LVO
45,4,0.05042925,79.28205574891768,LVO
46,4,0.049052166,253.57578479354677,MIMIC
47,4,0.05050875,46.10607790913471,LVO
48,4,0.045792542,103.81748048656443,HEMORRHAGIC
49,4,0.049096875,224.72095329533394,MIMIC
50,4,0.048799958,156.01605191827838,HEMORRHAGIC
