axis,stratum,comparison,n_patients,n_tracts,mean_diff,se,ci95_lo,ci95_hi,p_value
income_quartile,Q1 (lowest),MDP optimal − Nearest,16260,328,0.01956714504904482,0.00038144462722058264,0.01881947165880192,0.020314818439287723,0.0
income_quartile,Q1 (lowest),MDP optimal − Heuristic 1,16260,328,0.0016945996356489267,4.9540010563096205e-5,0.0015974957704817294,0.001791703500816124,1.0606217475514974e-247
income_quartile,Q1 (lowest),MDP optimal − Heuristic 2,16260,328,0.017587446052686834,0.0003633566760060658,0.0168752270346962,0.018299665070677467,0.0
income_quartile,Q1 (lowest),Heuristic 1 − Nearest,16260,328,0.017872545413395894,0.00038953398146628353,0.017109015999808713,0.018636074826983075,0.0
income_quartile,Q1 (lowest),Heuristic 2 − Nearest,16260,328,0.001979698996357987,9.05238133381265e-5,0.0018022623736182644,0.0021571356190977094,1.6246830134434683e-104
income_quartile,Q2,MDP optimal − Nearest,13915,328,0.021087546522466687,0.00042830470496182466,0.020248011696160115,0.021927081348773258,0.0
income_quartile,Q2,MDP optimal − Heuristic 1,13915,328,0.0009926603196915235,4.110948016877869e-5,0.0009120802095661277,0.0010732404298169193,3.141502213124356e-126
income_quartile,Q2,MDP optimal − Heuristic 2,13915,328,0.017511963827539334,0.00038961516997427283,0.016748265693333896,0.018275661961744773,0.0
income_quartile,Q2,Heuristic 1 − Nearest,13915,328,0.020094886202775164,0.000433517783411355,0.01924513304157769,0.020944639363972638,0.0
income_quartile,Q2,Heuristic 2 − Nearest,13915,328,0.003575582694927353,0.0001637853095228633,0.0032545414600567233,0.0038966239297979826,6.490419121200875e-104
income_quartile,Q3,MDP optimal − Nearest,14570,328,0.02134889393563256,0.0004188821462622176,0.020527831803013714,0.022169956068251402,0.0
income_quartile,Q3,MDP optimal − Heuristic 1,14570,328,0.0012620732792529414,4.5959271915708474e-5,0.0011719872773799974,0.0013521592811258853,6.640188255213565e-162
income_quartile,Q3,MDP optimal − Heuristic 2,14570,328,0.018788702012115608,0.00039321718613233384,0.01801794645638445,0.019559457567846765,0.0
income_quartile,Q3,Heuristic 1 − Nearest,14570,328,0.020086820656379616,0.0004256403899395632,0.019252511509019292,0.02092112980373994,0.0
income_quartile,Q3,Heuristic 2 − Nearest,14570,328,0.0025601919235169464,0.00013414504126805433,0.0022972506292970596,0.002823133217736833,3.1826391996943264e-80
income_quartile,Q4 (highest),MDP optimal − Nearest,20259,328,0.02089988308161702,0.00034964215540176405,0.020214556103025583,0.021585210060208457,0.0
income_quartile,Q4 (highest),MDP optimal − Heuristic 1,20259,328,0.0005005743149634979,2.2938344093201255e-5,0.00045561330037067614,0.0005455353295563197,2.2532366800847347e-104
income_quartile,Q4 (highest),MDP optimal − Heuristic 2,20259,328,0.018935728188964152,0.00033306055253453114,0.01828290249666683,0.019588553881261475,0.0
income_quartile,Q4 (highest),Heuristic 1 − Nearest,20259,328,0.02039930876665352,0.00035185201251555054,0.01970965028891213,0.02108896724439491,0.0
income_quartile,Q4 (highest),Heuristic 2 − Nearest,20259,328,0.00196415489265287,0.00011353059860424039,0.001741625712698247,0.002186684072607493,1.399895633078031e-66
urbanicity,urban,MDP optimal − Nearest,44286,1054,0.020245812883807543,0.00023410372880236,0.019786965465837594,0.02070466030177749,0.0
urbanicity,urban,MDP optimal − Heuristic 1,44286,1054,0.0008977074314472141,2.1547946982865373e-5,0.000855473077102571,0.0009399417857918572,0.0
urbanicity,urban,MDP optimal − Heuristic 2,44286,1054,0.01817016130579635,0.00022170563169386464,0.01773561437579845,0.01860470823579425,0.0
urbanicity,urban,Heuristic 1 − Nearest,44286,1054,0.01934810545236033,0.00023675487323013926,0.018884061744773063,0.019812149159947598,0.0
urbanicity,urban,Heuristic 2 − Nearest,44286,1054,0.0020756515780111944,6.523694326880184e-5,0.0019477860240181906,0.0022035171320041983,1.1328692189643041e-219
urbanicity,rural,MDP optimal − Nearest,7761,23,0.018695790348185613,0.0005464616861232883,0.017624578042736327,0.0197670026536349,4.623551231637001e-239
urbanicity,rural,MDP optimal − Heuristic 1,7761,23,0.0022604347307409395,8.560404654470884e-5,0.0020926277089797526,0.0024282417525021264,3.2389977101742196e-147
urbanicity,rural,MDP optimal − Heuristic 2,7761,23,0.01637283542801432,0.0005133612267020146,0.015366508951431898,0.017379161904596742,7.393902202350373e-210
urbanicity,rural,Heuristic 1 − Nearest,7761,23,0.01643535561744467,0.0005628523136722354,0.01533201326084939,0.017538697974039952,6.193631371831928e-178
urbanicity,rural,Heuristic 2 − Nearest,7761,23,0.0023229549201712924,0.0002113625976658649,0.0019086272165446574,0.002737282623797927,6.822005022611751e-28
urban_x_income,urban × Q1 (lowest),MDP optimal − Nearest,8074,264,0.019151151521052154,0.00053410366693749,0.018104170599012964,0.020198132443091345,2.0642799274793867e-261
urban_x_income,urban × Q1 (lowest),MDP optimal − Heuristic 1,8074,264,0.0012791915983080824,5.988939368060173e-5,0.0011617929423961711,0.0013965902542199937,1.640963602657602e-98
urban_x_income,urban × Q1 (lowest),MDP optimal − Heuristic 2,8074,264,0.017205057983829913,0.0005086921655850236,0.016207890157568475,0.01820222581009135,1.2410314312081236e-234
urban_x_income,urban × Q1 (lowest),Heuristic 1 − Nearest,8074,264,0.01787195992274407,0.000542739585580989,0.01680805037312988,0.018935869472358258,3.0055687557571702e-223
urban_x_income,urban × Q1 (lowest),Heuristic 2 − Nearest,8074,264,0.0019460935372222414,0.00014216269620911113,0.0016674179916862238,0.002224769082758259,3.477060541909e-42
urban_x_income,urban × Q4 (highest),MDP optimal − Nearest,14546,263,0.020324190285062178,0.0004070459002183096,0.019526328586473605,0.02112205198365075,0.0
urban_x_income,urban × Q4 (highest),MDP optimal − Heuristic 1,14546,263,0.0005377055060058865,2.90162940493107e-5,0.00048082988179615487,0.0005945811302156181,8.616327588634163e-76
urban_x_income,urban × Q4 (highest),MDP optimal − Heuristic 2,14546,263,0.018728567971612944,0.000390969200166254,0.017962218648420743,0.019494917294805146,0.0
urban_x_income,urban × Q4 (highest),Heuristic 1 − Nearest,14546,263,0.01978648477905629,0.00040989691340113785,0.01898303473227522,0.020589934825837364,0.0
urban_x_income,urban × Q4 (highest),Heuristic 2 − Nearest,14546,263,0.0015956223134492326,0.00011458099994299778,0.0013710289907024212,0.001820215636196044,8.445795568073771e-44
urban_x_income,rural × Q1 (lowest),MDP optimal − Nearest,4332,9,0.018098958003713674,0.0007178846117684666,0.016691536695890234,0.019506379311537113,5.508707278405126e-131
urban_x_income,rural × Q1 (lowest),MDP optimal − Heuristic 1,4332,9,0.002508162433993375,0.00011774174422824164,0.0022773283459929343,0.002738996521993816,7.651526758929396e-96
urban_x_income,rural × Q1 (lowest),MDP optimal − Heuristic 2,4332,9,0.018098958003713674,0.0007178846117684666,0.016691536695890234,0.019506379311537113,5.508707278405126e-131
urban_x_income,rural × Q1 (lowest),Heuristic 1 − Nearest,4332,9,0.015590795569720298,0.0007417441059614112,0.014136597440147865,0.017044993699292733,1.7666788021630828e-93
urban_x_income,rural × Q1 (lowest),Heuristic 2 − Nearest,4332,9,0.0,0.0,0.0,0.0,1.0
urban_x_income,rural × Q4 (highest),MDP optimal − Nearest,632,2,0.022087683382025606,0.002131212552364083,0.017902556022598173,0.02627281074145304,2.3862792772371082e-23
urban_x_income,rural × Q4 (highest),MDP optimal − Heuristic 1,632,2,3.9825308534451865e-6,3.168195388520661e-6,-2.2389514598987073e-6,1.020401316678908e-5,0.20920623640073358
urban_x_income,rural × Q4 (highest),MDP optimal − Heuristic 2,632,2,0.0028341291409563025,0.0007801821183269667,0.0013020616214006846,0.0043661966605119205,0.0003033277047313173
urban_x_income,rural × Q4 (highest),Heuristic 1 − Nearest,632,2,0.02208370085117216,0.0021312803175199905,0.0178984404192327,0.026268961283111618,2.4336175712447264e-23
urban_x_income,rural × Q4 (highest),Heuristic 2 − Nearest,632,2,0.019253554241069303,0.002026409888017495,0.015274231083297524,0.02323287739884108,4.234435915471036e-20
