comparison,n,mean_diff,sd_diff,se,t,df,p,ci95_lo,ci95_hi,cohens_d,p_bonferroni,subgroup_column,subgroup_level
MDP optimal − Nearest,1067,0.02256230387966277,0.03171795477271603,0.0009710083527690157,23.235952415158994,1066,0.0,0.02065699918841319,0.024467608570912347,0.7113417003504587,0.0,stroke_type,HEMORRHAGIC
MDP optimal − Heuristic 1,1067,0.0004367397757042807,0.0018898401779856107,5.785526246481165e-5,7.5488340575744814,1066,9.392486788328824e-14,0.00032321665031268763,0.0005502629010958738,0.23109878855988958,4.696243394164412e-13,stroke_type,HEMORRHAGIC
MDP optimal − Heuristic 2,1067,0.01716132918700154,0.027212977452003614,0.000833093703517747,20.599518534995095,1066,0.0,0.01552663949866223,0.018796018875340846,0.6306303386782838,0.0,stroke_type,HEMORRHAGIC
Heuristic 1 − Nearest,1067,0.02212556410395849,0.03206101735440727,0.000981510815324743,22.542353847255388,1066,0.0,0.020199651566113117,0.024051476641803866,0.69010798563811,0.0,stroke_type,HEMORRHAGIC
Heuristic 2 − Nearest,1067,0.0054009746926612315,0.018273190286909307,0.0005594125008208152,9.654726493842174,1066,0.0,0.004303300034026135,0.006498649351296328,0.29556824002048643,0.0,stroke_type,HEMORRHAGIC
MDP optimal − Nearest,1319,0.022255577538519124,0.03091289847455474,0.0008511720021113611,26.14698026170199,1318,0.0,0.020585777659343944,0.023925377417694304,0.7199447038859298,0.0,stroke_type,LVO
MDP optimal − Heuristic 1,1319,0.0004246071571666231,0.001912992726344669,5.2673347672252406e-5,8.061138620021683,1318,1.7763568394002505e-15,0.0003212744002611956,0.0005279399140720506,0.22195962970437375,8.881784197001252e-15,stroke_type,LVO
MDP optimal − Heuristic 2,1319,0.01814332165998719,0.02763265016189732,0.0007608519201557577,23.84606147313525,1318,0.0,0.016650708602702832,0.01963593471727155,0.6565899960259703,0.0,stroke_type,LVO
Heuristic 1 − Nearest,1319,0.021830970381352496,0.03126223042244216,0.000860790691660306,25.36153166252831,1318,0.0,0.02014230088874218,0.023519639873962814,0.6983177491290173,0.0,stroke_type,LVO
Heuristic 2 − Nearest,1319,0.004112255878531933,0.014767446380700912,0.0004066146340913254,10.113398618133166,1318,0.0,0.0033145733123850682,0.004909938444678798,0.27846763567099214,0.0,stroke_type,LVO
MDP optimal − Nearest,275,0.023042414426865845,0.032472088055912986,0.0019581405861971725,11.767497486794657,274,0.0,0.019187502107920654,0.026897326745811037,0.7096067979117823,0.0,stroke_type,MIMIC
MDP optimal − Heuristic 1,275,0.0004696480480435785,0.0020959393647423086,0.00012638989920338344,3.7158669403464963,274,0.000245454929192368,0.0002208293560335332,0.0007184667400536237,0.22407520749118653,0.00122727464596184,stroke_type,MIMIC
MDP optimal − Heuristic 2,275,0.01738967106585321,0.027768329912611616,0.0016744932977260922,10.385034738250564,274,0.0,0.0140931637124504,0.020686178419256022,0.6262411574833421,0.0,stroke_type,MIMIC
Heuristic 1 − Nearest,275,0.022572766378822263,0.03286244366390492,0.0019816799150429963,11.39072269314114,274,0.0,0.018671513133496655,0.02647401962414787,0.6868864229842859,0.0,stroke_type,MIMIC
Heuristic 2 − Nearest,275,0.005652743361012632,0.01804969838527398,0.0010884377658734092,5.193446550870667,274,4.0319387406562157e-7,0.003509979873218762,0.007795506848806502,0.31317661050915274,2.015969370328108e-6,stroke_type,MIMIC
MDP optimal − Nearest,339,0.0220603180607417,0.032145209927131574,0.0017458881497517346,12.635584967959533,338,0.0,0.018626143306572737,0.02549449281491066,0.6862707728694001,0.0,stroke_type,NLVO
MDP optimal − Heuristic 1,339,0.0004148180072704466,0.0017437919584628275,9.470977862063966e-5,4.379885723648469,338,1.585934866055183e-5,0.00022852318033197253,0.0006011128342089207,0.23788273896853696,7.929674330275915e-5,stroke_type,NLVO
MDP optimal − Heuristic 2,339,0.016057372459694165,0.026709432070135302,0.0014506572221352815,11.069032859505338,338,0.0,0.013203919098481835,0.018910825820906495,0.6011873415177721,0.0,stroke_type,NLVO
Heuristic 1 − Nearest,339,0.021645500053471253,0.03247289704080778,0.0017636856707475693,12.272878559078174,338,0.0,0.018176317445391728,0.02511468266155078,0.6665712648387965,0.0,stroke_type,NLVO
Heuristic 2 − Nearest,339,0.006002945601047538,0.01783415197934405,0.000968618175839881,6.197432332758398,338,1.670040328249911e-9,0.0040976665679253255,0.00790822463416975,0.33659832034628256,8.350201641249555e-9,stroke_type,NLVO
