comparison,replicate,n,mean_diff
MDP optimal − Nearest,1,1000,0.024383743621537966
MDP optimal − Nearest,2,1000,0.022918469524380432
MDP optimal − Nearest,3,1000,0.02297816954930858
MDP optimal − Nearest,4,1000,0.024229437039482625
MDP optimal − Nearest,5,1000,0.021718601168403698
MDP optimal − Nearest,6,1000,0.020474495034886374
MDP optimal − Nearest,7,1000,0.022067603677271293
MDP optimal − Nearest,8,1000,0.023745698414014756
MDP optimal − Nearest,9,1000,0.024073212870653768
MDP optimal − Nearest,10,1000,0.021779594362958798
MDP optimal − Heuristic 1,1,1000,0.0006137220218781612
MDP optimal − Heuristic 1,2,1000,0.0005688969744922516
MDP optimal − Heuristic 1,3,1000,0.000613804460329383
MDP optimal − Heuristic 1,4,1000,0.0006447681779061339
MDP optimal − Heuristic 1,5,1000,0.0006133620891378633
MDP optimal − Heuristic 1,6,1000,0.0006046354901286148
MDP optimal − Heuristic 1,7,1000,0.0006490220743424444
MDP optimal − Heuristic 1,8,1000,0.0005895452874201419
MDP optimal − Heuristic 1,9,1000,0.0004717641140615349
MDP optimal − Heuristic 1,10,1000,0.000554098926202449
MDP optimal − Heuristic 2,1,1000,0.01974337229452227
MDP optimal − Heuristic 2,2,1000,0.01934595461400439
MDP optimal − Heuristic 2,3,1000,0.01928659527181028
MDP optimal − Heuristic 2,4,1000,0.020235354973532557
MDP optimal − Heuristic 2,5,1000,0.01821007603732711
MDP optimal − Heuristic 2,6,1000,0.017036211446071203
MDP optimal − Heuristic 2,7,1000,0.01828147571691697
MDP optimal − Heuristic 2,8,1000,0.019497852304101344
MDP optimal − Heuristic 2,9,1000,0.020605238960591153
MDP optimal − Heuristic 2,10,1000,0.01862514563739667
Heuristic 1 − Nearest,1,1000,0.023770021599659807
Heuristic 1 − Nearest,2,1000,0.022349572549888178
Heuristic 1 − Nearest,3,1000,0.022364365088979193
Heuristic 1 − Nearest,4,1000,0.023584668861576487
Heuristic 1 − Nearest,5,1000,0.02110523907926583
Heuristic 1 − Nearest,6,1000,0.01986985954475776
Heuristic 1 − Nearest,7,1000,0.021418581602928845
Heuristic 1 − Nearest,8,1000,0.023156153126594615
Heuristic 1 − Nearest,9,1000,0.023601448756592234
Heuristic 1 − Nearest,10,1000,0.021225495436756347
Heuristic 2 − Nearest,1,1000,0.004640371327015696
Heuristic 2 − Nearest,2,1000,0.0035725149103760395
Heuristic 2 − Nearest,3,1000,0.0036915742774983
Heuristic 2 − Nearest,4,1000,0.003994082065950066
Heuristic 2 − Nearest,5,1000,0.0035085251310765894
Heuristic 2 − Nearest,6,1000,0.0034382835888151692
Heuristic 2 − Nearest,7,1000,0.0037861279603543254
Heuristic 2 − Nearest,8,1000,0.004247846109913406
Heuristic 2 − Nearest,9,1000,0.0034679739100626195
Heuristic 2 − Nearest,10,1000,0.003154448725562123
