sim_attempt,start_lat,start_lon,t_onset,stroke_type,failed_policy,reason
86,37.86444444441768,-122.07444444439949,98.71307159075248,HEMORRHAGIC,optimal,ORS could not route
115,37.43527777775067,-122.43444444439977,210.15954505115278,NLVO,optimal,ORS could not route
176,37.64277777775084,-121.81444444439929,165.05451329524553,LVO,optimal,no valid action
192,37.94055555552885,-122.49111111106649,116.20231215805163,LVO,optimal,ORS could not route
425,37.8338888888621,-121.91666666662158,168.686708289365,LVO,optimal,ORS could not route
477,38.288888888862466,-122.54083333328875,249.3353535838401,LVO,optimal,ORS could not route
656,38.278888888862454,-121.9316666666216,68.7226429390447,HEMORRHAGIC,optimal,ORS could not route
760,37.82833333330654,-122.11277777773284,125.04069773486455,HEMORRHAGIC,optimal,ORS could not route
801,37.86472222219546,-122.0755555555106,198.7982469584118,HEMORRHAGIC,optimal,ORS could not route
957,37.85861111108434,-122.06833333328836,58.05849544463165,LVO,optimal,ORS could not route
