noise_pct,bias_pct,setting,comparison,n,mean_diff,se,ci95_lo,ci95_hi
0,100,baseline,MDP optimal − Nearest,10000,0.021871336802820905,0.0005046624078368099,0.02088209691327694,0.02286057669236487
0,100,baseline,MDP optimal − Heuristic 1,10000,0.0005885730363851717,3.4238066071671924e-5,0.0005214595360075252,0.0006556865367628182
0,100,baseline,MDP optimal − Heuristic 2,10000,0.01834041750805314,0.00046565748222131774,0.017427635122988124,0.019253199893118154
0,100,baseline,Heuristic 1 − Nearest,10000,0.021282763766435734,0.0005081372994515062,0.020286712389957693,0.022278815142913775
0,100,baseline,Heuristic 2 − Nearest,10000,0.0035309192947677688,0.00018696950758379435,0.003164421429743332,0.0038974171597922058
10,100,noise=10%,MDP optimal − Nearest,10000,0.02186516909887056,0.0005046128501773457,0.0208760263523133,0.022854311845427824
10,100,noise=10%,MDP optimal − Heuristic 1,10000,0.000582463716731388,3.391735895954086e-5,0.0005159788668401932,0.0006489485666225827
10,100,noise=10%,MDP optimal − Heuristic 2,10000,0.01832062741221512,0.00046552386020305285,0.01740810695319915,0.019233147871231086
10,100,noise=10%,Heuristic 1 − Nearest,10000,0.021282705382139177,0.0005079843598502987,0.02028695379806068,0.022278456966217674
10,100,noise=10%,Heuristic 2 − Nearest,10000,0.003544541686655444,0.0001858173948387591,0.0031803021944896595,0.003908781178821228
20,100,noise=20%,MDP optimal − Nearest,10000,0.021876715050220312,0.0005055885730886532,0.02088565969037936,0.022867770410061265
20,100,noise=20%,MDP optimal − Heuristic 1,10000,0.0005545639431152809,3.344531809651184e-5,0.0004890043883202765,0.0006201234979102853
20,100,noise=20%,MDP optimal − Heuristic 2,10000,0.018331732424645544,0.00046625309388830427,0.01741778252083827,0.019245682328452817
20,100,noise=20%,Heuristic 1 − Nearest,10000,0.02132215110710503,0.0005088411327701442,0.020324720075666415,0.022319582138543646
20,100,noise=20%,Heuristic 2 − Nearest,10000,0.0035449826255747672,0.00018552227095707647,0.003181321635614782,0.003908643615534752
0,70,bias=×0.7,MDP optimal − Nearest,10000,0.023380401252703614,0.0005171605074662708,0.022366662572473113,0.024394139932934114
0,70,bias=×0.7,MDP optimal − Heuristic 1,10000,0.00039691498627533343,2.5193800808537935e-5,0.00034753006609500986,0.000446299906455657
0,70,bias=×0.7,MDP optimal − Heuristic 2,10000,0.019691595285764394,0.00047789530761018216,0.018754824299908147,0.02062836627162064
0,70,bias=×0.7,Heuristic 1 − Nearest,10000,0.02298348626642828,0.0005194332509275305,0.02196529255159313,0.02400167998126343
0,70,bias=×0.7,Heuristic 2 − Nearest,10000,0.0036888059669392234,0.00018673617752098756,0.003322765475798741,0.004054846458079705
0,80,bias=×0.8,MDP optimal − Nearest,10000,0.022988221005557016,0.0005141010335994311,0.02198047950986631,0.023995962501247723
0,80,bias=×0.8,MDP optimal − Heuristic 1,10000,0.00046574681339157833,2.8274580753137113e-5,0.0004103229444709118,0.0005211706823122448
0,80,bias=×0.8,MDP optimal − Heuristic 2,10000,0.01938691598883313,0.0004752689511039787,0.018455293190319064,0.0203185387873472
0,80,bias=×0.8,Heuristic 1 − Nearest,10000,0.02252247419216544,0.0005168034324514681,0.021509435450830162,0.02353551293350072
0,80,bias=×0.8,Heuristic 2 − Nearest,10000,0.00360130501672389,0.00018747711939813525,0.003233812130379553,0.0039687979030682274
0,90,bias=×0.9,MDP optimal − Nearest,10000,0.02243260395572007,0.0005094271875468932,0.02143402413896752,0.023431183772472622
0,90,bias=×0.9,MDP optimal − Heuristic 1,10000,0.0005215709196563519,3.1142285144408744e-5,0.0004605257729642219,0.0005826160663484819
0,90,bias=×0.9,MDP optimal − Heuristic 2,10000,0.01886217012846412,0.000470494526682848,0.017939906162733416,0.019784434094194822
0,90,bias=×0.9,Heuristic 1 − Nearest,10000,0.02191103303606372,0.0005124536994844701,0.020906520646786768,0.022915545425340675
0,90,bias=×0.9,Heuristic 2 − Nearest,10000,0.0035704338272559526,0.00018696354802550066,0.0032039476441652137,0.003936920010346691
0,110,bias=×1.1,MDP optimal − Nearest,10000,0.021417052775513826,0.000501114210648149,0.02043476806658265,0.022399337484445
0,110,bias=×1.1,MDP optimal − Heuristic 1,10000,0.0006166599756702029,3.5617126934229805e-5,0.0005468432384471596,0.0006864767128932463
0,110,bias=×1.1,MDP optimal − Heuristic 2,10000,0.01793437421830505,0.0004620777862540834,0.017028608757798387,0.018840139678811714
0,110,bias=×1.1,Heuristic 1 − Nearest,10000,0.020800392799843623,0.0005047133645865863,0.019811053024814354,0.02178973257487289
0,110,bias=×1.1,Heuristic 2 − Nearest,10000,0.0034826785572087773,0.00018564676826997236,0.003118773527458736,0.0038465835869588186
0,120,bias=×1.2,MDP optimal − Nearest,10000,0.021023704400792327,0.0004982380738914162,0.02004705749876605,0.022000351302818605
0,120,bias=×1.2,MDP optimal − Heuristic 1,10000,0.0006693596146373228,3.8650353231491316e-5,0.0005935971433935376,0.0007451220858811081
0,120,bias=×1.2,MDP optimal − Heuristic 2,10000,0.01764494421812128,0.00046004759202767384,0.016743158346902622,0.01854673008933994
0,120,bias=×1.2,Heuristic 1 − Nearest,10000,0.020354344786155002,0.0005022660244022994,0.019369802290447484,0.02133888728186252
0,120,bias=×1.2,Heuristic 2 − Nearest,10000,0.0033787601826710434,0.00018551439530583628,0.003015114630572571,0.003742405734769516
0,130,bias=×1.3,MDP optimal − Nearest,10000,0.020533054529658746,0.0004940442556636954,0.019564628355421845,0.021501480703895647
0,130,bias=×1.3,MDP optimal − Heuristic 1,10000,0.000713826777260166,4.099641267473364e-5,0.0006334655573312061,0.000794187997189126
0,130,bias=×1.3,MDP optimal − Heuristic 2,10000,0.017234021854814024,0.00045675811495227934,0.016338684020715206,0.01812935968891284
0,130,bias=×1.3,Heuristic 1 − Nearest,10000,0.01981922775239858,0.0004983592509235055,0.01884234331900088,0.02079611218579628
0,130,bias=×1.3,Heuristic 2 − Nearest,10000,0.003299032674844723,0.00018255860428406664,0.0029411810680421246,0.0036568842816473214
