comparison,n_marg,mean_diff_marg,sd_diff_marg,se_marg,t_marg,df_marg,p_marg,ci95_lo_marg,ci95_hi_marg,cohens_d_marg,p_bonferroni_marg,subgroup_column,subgroup_level,n_real,mean_diff_real,sd_diff_real,se_real,t_real,df_real,p_real,ci95_lo_real,ci95_hi_real,cohens_d_real,p_bonferroni_real
MDP optimal − Nearest,3518,0.02361,0.03181,0.00054,44.01598,3517,0.0,0.02255,0.02466,0.7421,0.0,stroke_type,HEMORRHAGIC,3518,0.0,0.0,0.0,0.0,3517,1.0,0.0,0.0,0.0,1.0
MDP optimal − Heuristic 1,3518,0.00058,0.00218,4.0e-5,15.83582,3517,0.0,0.00051,0.00066,0.26699,0.0,stroke_type,HEMORRHAGIC,3518,0.0,0.0,0.0,0.0,3517,1.0,0.0,0.0,0.0,1.0
MDP optimal − Heuristic 2,3518,0.01964,0.02825,0.00048,41.2278,3517,0.0,0.0187,0.02057,0.69509,0.0,stroke_type,HEMORRHAGIC,3518,0.0,0.0,0.0,0.0,3517,1.0,0.0,0.0,0.0,1.0
Heuristic 1 − Nearest,3518,0.02302,0.0323,0.00054,42.2821,3517,0.0,0.02196,0.02409,0.71287,0.0,stroke_type,HEMORRHAGIC,3518,0.0,0.0,0.0,0.0,3517,1.0,0.0,0.0,0.0,1.0
Heuristic 2 − Nearest,3518,0.00397,0.01397,0.00024,16.84556,3517,0.0,0.00351,0.00443,0.28401,0.0,stroke_type,HEMORRHAGIC,3518,0.0,0.0,0.0,0.0,3517,1.0,0.0,0.0,0.0,1.0
MDP optimal − Nearest,4452,0.02213,0.03081,0.00046,47.91916,4451,0.0,0.02122,0.02304,0.71818,0.0,stroke_type,LVO,4452,0.04755,0.06608,0.00099,48.01154,4451,0.0,0.04561,0.04949,0.71956,0.0
MDP optimal − Heuristic 1,4452,0.00062,0.0022,3.0e-5,18.78678,4451,0.0,0.00056,0.00069,0.28156,0.0,stroke_type,LVO,4452,0.00079,0.00274,4.0e-5,19.14932,4451,0.0,0.00071,0.00087,0.287,0.0
MDP optimal − Heuristic 2,4452,0.01871,0.02789,0.00042,44.76461,4451,0.0,0.01789,0.01953,0.6709,0.0,stroke_type,LVO,4452,0.04205,0.06203,0.00093,45.23803,4451,0.0,0.04023,0.04388,0.67799,0.0
Heuristic 1 − Nearest,4452,0.02151,0.03132,0.00047,45.82964,4451,0.0,0.02059,0.02243,0.68686,0.0,stroke_type,LVO,4452,0.04676,0.06669,0.001,46.78648,4451,0.0,0.04481,0.04872,0.7012,0.0
Heuristic 2 − Nearest,4452,0.00342,0.01293,0.00019,17.62898,4451,0.0,0.00304,0.0038,0.26421,0.0,stroke_type,LVO,4452,0.0055,0.02473,0.00037,14.83351,4451,0.0,0.00477,0.00623,0.22231,0.0
MDP optimal − Nearest,942,0.02354,0.0316,0.00103,22.86711,941,0.0,0.02152,0.02556,0.74505,0.0,stroke_type,MIMIC,942,0.0,0.0,0.0,0.0,941,1.0,0.0,0.0,0.0,1.0
MDP optimal − Heuristic 1,942,0.00053,0.00206,7.0e-5,7.84746,941,0.0,0.00039,0.00066,0.25568,0.0,stroke_type,MIMIC,942,0.0,0.0,0.0,0.0,941,1.0,0.0,0.0,0.0,1.0
MDP optimal − Heuristic 2,942,0.01938,0.02822,0.00092,21.06987,941,0.0,0.01757,0.02118,0.68649,0.0,stroke_type,MIMIC,942,0.0,0.0,0.0,0.0,941,1.0,0.0,0.0,0.0,1.0
Heuristic 1 − Nearest,942,0.02302,0.03204,0.00104,22.04903,941,0.0,0.02097,0.02506,0.7184,0.0,stroke_type,MIMIC,942,0.0,0.0,0.0,0.0,941,1.0,0.0,0.0,0.0,1.0
Heuristic 2 − Nearest,942,0.00417,0.01444,0.00047,8.8542,941,0.0,0.00324,0.00509,0.28849,0.0,stroke_type,MIMIC,942,0.0,0.0,0.0,0.0,941,1.0,0.0,0.0,0.0,1.0
MDP optimal − Nearest,1088,0.02263,0.03126,0.00095,23.8768,1087,0.0,0.02077,0.02449,0.72387,0.0,stroke_type,NLVO,1088,0.00644,0.02536,0.00077,8.38276,1087,0.0,0.00494,0.00795,0.25414,0.0
MDP optimal − Heuristic 1,1088,0.00056,0.00213,6.0e-5,8.75177,1087,0.0,0.00044,0.00069,0.26533,0.0,stroke_type,NLVO,1088,0.00219,0.00854,0.00026,8.45253,1087,0.0,0.00168,0.0027,0.25626,0.0
MDP optimal − Heuristic 2,1088,0.01858,0.02795,0.00085,21.92774,1087,0.0,0.01692,0.02024,0.66478,0.0,stroke_type,NLVO,1088,-0.00351,0.00565,0.00017,-20.48933,1087,0.0,-0.00384,-0.00317,-0.62117,0.0
Heuristic 1 − Nearest,1088,0.02207,0.03173,0.00096,22.94146,1087,0.0,0.02018,0.02396,0.69552,0.0,stroke_type,NLVO,1088,0.00426,0.02703,0.00082,5.19513,1087,0.0,0.00265,0.00586,0.1575,0.0
Heuristic 2 − Nearest,1088,0.00405,0.01375,0.00042,9.71869,1087,0.0,0.00323,0.00487,0.29464,0.0,stroke_type,NLVO,1088,0.00995,0.02454,0.00074,13.3781,1087,0.0,0.00849,0.01141,0.40558,0.0
