Latitude,Longitude
38.0119444444178,-121.82083333328818
37.706388888861994,-122.07499999995504
37.71166666663978,-122.4352777777331
37.778055555528724,-122.39305555551086
37.3894444444173,-121.9947222221772
37.54999999997298,-122.26666666662186
37.693888888861984,-122.13027777773287
37.74027777775091,-122.41249999995532
37.796111111084294,-122.24833333328851
38.23749999997354,-121.99583333328832
37.9147222221955,-121.74416666662144
37.996944444417785,-121.84222222217709
37.82861111108432,-122.23166666662183
37.468333333306255,-122.2333333332885
37.53249999997297,-122.0263888888439
37.70277777775088,-122.18444444439957
37.86472222219546,-122.26416666662186
37.55527777775077,-121.9708333332883
37.74777777775092,-122.45499999995535
37.69694444441755,-122.13916666662176
37.45333333330624,-121.91861111106603
37.95333333330664,-121.93111111106604
37.97083333330665,-122.35027777773304
37.596111111084134,-122.02027777773277
38.00166666664001,-121.89416666662157
38.00916666664002,-122.30222222217745
37.6949999999731,-122.0983333332884
37.40277777775064,-122.01138888884388
37.727222222195344,-122.45999999995536
37.572499999973004,-122.33166666662191
37.721944444417566,-122.16888888884401
37.78944444441762,-122.43749999995534
37.94916666663997,-122.5516666666221
38.246944444417984,-121.98055555551052
37.877499999973246,-122.28999999995521
37.53611111108408,-122.00749999995499
37.70694444441755,-122.45111111106645
37.867777777751016,-122.25333333328852
37.537777777750755,-122.25138888884408
37.730277777750906,-121.93805555551049
37.7783333333065,-121.92944444439937
38.020555555528915,-121.96749999995495
38.01722222219558,-121.87333333328822
37.70249999997311,-122.47333333328869
37.5372222221952,-122.03722222217723
38.266388888862444,-122.00249999995499
37.87944444441769,-122.26749999995519
37.54583333330631,-122.012499999955
37.5422222221952,-122.23749999995518
37.91555555552883,-121.58916666662132
37.604999999973025,-122.022499999955
37.88527777775103,-122.0402777777328
37.96472222219554,-122.03249999995501
37.99055555552889,-122.31638888884413
37.35444444441727,-122.02472222217723
38.259444444417994,-122.16333333328845
37.77138888886205,-122.4430555555109
38.23805555552909,-121.98861111106609
37.61305555552859,-122.03583333328835
37.46027777775069,-122.26333333328853
37.43805555552845,-121.87638888884378
37.917777777751056,-122.04638888884391
37.71083333330645,-122.41027777773309
37.66166666663974,-121.76666666662146
37.591111111084125,-122.0616666666217
37.58166666663968,-121.96222222217718
37.74722222219536,-122.16249999995512
37.648888888861954,-122.42166666662199
37.53111111108408,-122.29222222217744
37.484999999972935,-122.19999999995514
37.569999999973,-121.96833333328829
37.736944444417574,-122.47111111106648
37.80194444441763,-122.4152777777331
37.95027777775108,-122.04999999995502
37.70055555552866,-122.18555555551069
37.68888888886198,-122.05138888884392
37.743888888862024,-122.24499999995518
38.24999999997355,-122.60416666662213
37.96555555552887,-122.2699999999552
37.80138888886207,-121.98694444439941
38.03249999997337,-121.95388888884384
37.739999999973136,-122.41083333328865
37.53472222219519,-122.01472222217721
37.991388888862225,-121.71833333328809
37.60333333330636,-122.07083333328838
37.960833333306645,-122.0011111110661
37.48055555552848,-122.19777777773292
38.00166666664001,-122.297777777733
37.47333333330626,-122.15472222217733
37.71583333330645,-122.47638888884426
37.728055555528684,-122.3949999999553
37.727499999973126,-122.38666666662196
38.088611111084525,-122.55694444439987
37.457222222195135,-122.16055555551067
37.77722222219539,-122.4177777777331
38.058055555528945,-122.15111111106621
37.99249999997334,-122.33027777773303
37.98138888886222,-122.26305555551075
37.94333333330663,-122.06638888884393
37.77138888886205,-122.22111111106626
37.778611111084274,-121.94222222217716
38.01111111108446,-122.13055555551064
37.44555555552846,-121.88527777773267
37.65805555552863,-122.09888888884394
37.686944444417534,-122.13972222217731
37.6949999999731,-122.07499999995504
37.52916666663963,-122.03833333328835
37.93638888886218,-122.32499999995524
37.80305555552874,-121.92805555551048
37.99611111108445,-121.79638888884371
37.790555555528734,-122.1574999999551
37.789999999973176,-122.2824999999552
37.771111111084274,-122.27277777773298
37.55749999997299,-122.30361111106633
37.63722222219528,-122.07166666662171
37.783055555528726,-122.19861111106626
37.51388888886184,-122.3394444443997
37.973333333306655,-122.34749999995526
37.7416666666398,-121.94388888884383
37.554999999972985,-122.02361111106612
37.88111111108436,-122.2838888888441
37.73194444441757,-122.44388888884423
37.834444444417656,-122.20527777773293
37.96611111108443,-122.50833333328872
37.43527777775067,-122.18222222217734
37.758611111084264,-122.49305555551094
37.57083333330633,-122.33555555551081
37.37194444441729,-122.01472222217721
37.848333333306556,-122.27472222217743
37.810833333306526,-122.25444444439964
37.98916666664,-122.03666666662168
37.68583333330643,-121.88666666662157
37.74361111108425,-122.42055555551087
37.81583333330653,-121.97444444439941
37.3919444444173,-122.01583333328833
38.0699999999734,-122.21888888884405
37.72138888886201,-122.16666666662178
37.792777777750956,-122.41722222217754
37.51638888886185,-122.27388888884408
38.2252777777513,-122.15083333328843
37.780833333306504,-122.50694444439983
37.43388888886178,-122.19111111106625
37.94944444441775,-122.3380555555108
37.45749999997291,-121.87833333328823
37.575833333306335,-121.9594444443994
37.52611111108408,-121.99249999995497
37.97916666663999,-122.57777777773322
37.95416666663997,-122.06749999995503
37.66083333330641,-122.1019444443995
37.764166666639824,-122.41805555551088
37.709166666639774,-122.44583333328868
37.764999999973156,-122.19277777773291
37.47555555552848,-122.43249999995533
37.402222222195086,-122.12749999995509
37.81972222219542,-122.3711111110664
37.949722222195525,-122.09638888884395
37.775277777750944,-122.44527777773311
37.748888888862034,-121.89138888884378
37.881666666639916,-122.27111111106632
37.798333333306516,-122.40722222217754
37.74638888886203,-122.40638888884419
37.40999999997287,-122.13583333328843
37.97361111108443,-122.1058333332884
37.795555555528736,-122.40555555551086
37.655833333306404,-122.03555555551057
38.08055555552896,-122.20861111106626
37.46249999997291,-121.91611111106603
37.92833333330662,-122.06611111106615
37.889999999973256,-122.51222222217761
37.75833333330648,-122.23638888884406
37.63805555552861,-122.46722222217758
37.908055555528826,-122.26916666662187
37.58027777775079,-122.32527777773302
37.450833333306235,-122.13444444439953
37.55277777775076,-122.26277777773296
38.291666666640246,-122.29249999995521
37.75694444441759,-122.17249999995512
37.96805555552887,-122.31249999995524
37.73527777775091,-122.41361111106643
37.84805555552878,-122.1374999999551
37.74777777775092,-122.16694444439956
37.68472222219531,-121.78777777773259
38.12944444441789,-122.21749999995515
37.95749999997331,-122.27805555551076
37.71666666663978,-122.43083333328866
37.77083333330649,-122.43249999995533
37.78749999997317,-122.42361111106644
37.76722222219538,-122.21083333328849
37.338333333306146,-121.99999999995498
37.93055555552884,-122.34972222217749
37.764999999973156,-122.42388888884422
37.536388888861865,-122.27472222217743
37.784444444417616,-122.41722222217754
37.775277777750944,-122.441666666622
37.83111111108432,-122.022499999955
38.26277777775133,-122.63805555551104
37.96833333330665,-121.72638888884366
37.62333333330638,-122.07361111106616
37.9613888888622,-122.04527777773279
37.99666666664001,-122.10166666662172
38.29527777775136,-122.32249999995524
37.91138888886216,-121.59527777773243
37.36833333330617,-122.1336111110662
37.79027777775095,-122.43444444439977
37.783055555528726,-122.42305555551087
38.268055555529116,-122.02861111106611
37.769722222195384,-122.42999999995533
38.00999999997335,-121.87749999995488
37.721666666639784,-122.39472222217752
37.43777777775067,-121.88805555551045
38.26722222219578,-122.0086111110661
37.805277777750966,-121.99111111106609
37.85694444441767,-122.21999999995516
37.353611111083936,-122.03916666662168
37.783055555528726,-122.42694444439977
37.78944444441762,-122.4252777777331
37.86749999997324,-122.25916666662185
38.002499999973345,-122.59222222217768
37.663333333306404,-121.86638888884376
37.773888888862054,-122.47888888884425
37.974722222195545,-122.32111111106636
38.26833333330689,-122.05833333328836
37.803888888862076,-121.92249999995492
37.75611111108426,-122.16499999995511
37.36027777775061,-122.04805555551057
37.780277777750946,-122.45527777773313
37.703611111084214,-122.45333333328868
37.84083333330655,-122.11749999995507
37.44888888886179,-122.15166666662176
37.734444444417576,-122.39583333328864
37.81944444441764,-122.26944444439964
37.98694444441778,-122.07611111106615
38.16138888886236,-122.26388888884408
37.95055555552886,-121.99111111106609
37.55194444441743,-122.03305555551057
37.930277777751066,-122.34111111106637
37.89027777775103,-122.47638888884426
37.8249999999732,-122.25277777773296
37.432777777750665,-122.41944444439976
38.252499999973544,-122.05499999995503
37.732222222195354,-122.40833333328864
37.95777777775109,-122.34944444439971
37.653055555528624,-122.47666666662204
37.41777777775066,-122.1122222221773
37.85749999997323,-122.4947222221776
37.82138888886209,-122.22666666662182
37.45749999997291,-122.25638888884407
37.59166666663968,-122.05194444439947
37.409166666639535,-122.07416666662171
37.910833333306606,-122.05972222217726
38.28138888886246,-122.26611111106631
37.641111111084165,-122.0566666666217
37.80055555552874,-122.21888888884405
37.53055555552852,-122.00777777773277
37.862222222195456,-122.26388888884408
37.79666666663985,-122.21527777773294
38.00166666664001,-121.71305555551031
37.9702777777511,-122.29527777773299
37.468888888861805,-122.16444444439956
38.11111111108454,-122.25249999995519
37.34916666663949,-122.03583333328835
37.43861111108401,-121.87999999995489
37.9424999999733,-121.93222222217715
37.77777777775094,-122.47888888884425
37.776666666639834,-122.21972222217738
37.575833333306335,-121.96361111106607
37.510555555528505,-122.31916666662191
37.681388888861974,-121.88333333328822
37.478055555528485,-122.17638888884402
37.52916666663963,-122.28416666662187
37.54583333330631,-122.01194444439943
37.416944444417325,-121.96194444439939
37.933055555528846,-121.69138888884362
37.98944444441778,-121.7258333332881
38.266666666640226,-122.00694444439944
37.44333333330623,-122.1222222221773
37.9588888888622,-121.79749999995482
38.25777777775133,-122.61638888884437
37.95166666663997,-122.55055555551098
37.78749999997317,-122.46555555551092
37.74999999997314,-122.16222222217733
37.421666666639545,-121.8697222221771
37.79166666663984,-122.44499999995534
37.443888888861785,-122.18194444439958
38.22361111108464,-122.3155555555108
37.455833333306245,-121.89722222217712
37.93499999997329,-121.6941666666214
37.777499999973166,-122.18111111106624
37.94583333330663,-122.53111111106652
37.5838888888619,-122.06638888884393
37.750277777750924,-122.17999999995513
37.553055555528545,-122.2686111110663
38.108055555528985,-122.57777777773322
37.9172222221955,-122.07388888884392
37.66861111108419,-122.14249999995509
37.80166666663985,-122.25416666662186
37.739166666639804,-122.42388888884422
37.72361111108423,-122.45972222217758
37.97833333330666,-122.30805555551079
37.44972222219513,-122.14944444439955
37.484999999972935,-122.19999999995514
38.08111111108452,-122.23138888884405
37.59027777775079,-122.38027777773307
37.783611111084284,-122.4177777777331
37.783055555528726,-122.4127777777331
38.30777777775137,-122.31222222217745
37.751111111084256,-122.48944444439982
37.782222222195394,-122.42055555551087
37.625833333306375,-122.41027777773309
37.34305555552837,-122.02083333328834
37.65249999997307,-122.05249999995503
37.68027777775087,-122.47777777773314
38.26611111108467,-122.64916666662216
38.1141666666401,-122.25055555551074
38.00194444441779,-122.1083333332884
37.625277777750824,-122.09638888884395
37.44416666663957,-122.12333333328841
37.83805555552877,-121.97166666662163
37.86555555552879,-122.25388888884407
37.627222222195265,-122.40555555551086
37.87361111108435,-122.27111111106632
37.84861111108433,-122.26194444439963
37.38305555552841,-122.21777777773293
37.771944444417606,-122.2472222221774
38.069166666640065,-122.54416666662209
37.70749999997311,-121.88083333328822
37.97444444441777,-121.77999999995481
37.935833333306626,-122.04694444439947
38.31611111108471,-122.30305555551078
37.579999999973005,-122.3519444443997
38.00722222219557,-121.79499999995483
37.40416666663953,-122.10555555551062
37.74638888886203,-122.44111111106645
37.378611111083956,-122.10805555551063
37.648055555528614,-122.11472222217729
38.0333333333067,-122.26527777773298
37.67972222219531,-121.87055555551044
37.764999999973156,-121.89472222217712
37.58666666663968,-122.36194444439971
37.75777777775093,-122.47416666662203
37.873333333306576,-122.10166666662172
37.686388888861984,-122.45888888884424
37.67972222219531,-122.0477777777328
37.782222222195394,-122.4405555555109
37.46083333330625,-122.43194444439978
37.671111111084194,-122.10138888884396
37.76805555552871,-122.23388888884406
37.741111111084244,-122.48444444439981
37.68527777775087,-122.0894444443995
37.35833333330616,-122.04388888884391
37.63194444441749,-122.0905555555106
38.02666666664003,-122.27083333328854
37.379999999972846,-122.09916666662173
37.55972222219521,-122.35777777773305
38.130277777751225,-122.24305555551074
38.25999999997355,-121.98361111106608
38.05083333330672,-122.1461111110662
37.55833333330632,-122.01611111106611
37.572499999973004,-122.03833333328835
37.755833333306484,-122.41333333328865
37.40611111108398,-122.12166666662175
37.72499999997312,-121.92055555551048
37.89583333330659,-122.53083333328874
38.255277777751324,-122.42166666662199
37.78805555552873,-122.44694444439979
37.864999999973236,-122.2572222221774
37.653055555528624,-122.1183333332884
37.57472222219523,-122.05166666662168
37.93638888886218,-122.37055555551083
37.9752777777511,-122.55777777773321
37.8591666666399,-122.16055555551067
37.56166666663966,-122.26777777773297
37.431111111084,-121.88444444439934
37.95555555552886,-122.0338888888439
37.99638888886223,-121.68694444439917
37.79361111108429,-122.43444444439977
38.309444444418034,-122.33888888884414
37.742777777750916,-122.45277777773312
37.399444444417306,-122.1097222221773
37.764166666639824,-122.25027777773296
37.82277777775098,-122.27472222217743
37.436111111084,-122.1891666666218
37.93666666663996,-122.32888888884413
38.008055555528905,-122.31611111106635
38.00194444441779,-121.90611111106602
37.52472222219519,-122.03833333328835
37.90027777775104,-122.5086111110665
38.01055555552891,-122.26472222217741
37.84944444441767,-122.25416666662186
37.967777777751095,-121.80222222217705
37.94861111108441,-122.0211111110661
37.85611111108434,-122.2547222221774
38.262222222195774,-122.02388888884389
37.74222222219536,-122.41194444439975
37.78472222219539,-121.97527777773274
37.691944444417544,-122.17472222217735
37.38999999997286,-122.09499999995506
37.73194444441757,-122.14722222217732
37.984444444417775,-121.82222222217706
38.28416666664024,-122.03583333328835
37.65611111108418,-122.08749999995506
37.72972222219535,-122.39111111106641
37.55416666663965,-122.03666666662168
37.92694444441773,-122.32499999995524
37.730277777750906,-122.45083333328867
37.877499999973246,-122.29249999995521
37.78888888886206,-122.439166666622
37.75777777775093,-122.4013888888442
37.3616666666395,-122.05916666662169
37.64166666663972,-122.07722222217727
37.96749999997332,-122.50222222217761
37.83555555552877,-121.95583333328828
37.95972222219553,-122.02583333328833
37.935833333306626,-122.3558333332886
37.521111111084075,-121.97666666662163
37.77555555552872,-122.40416666662198
37.76388888886204,-122.47972222217759
37.76305555552871,-122.42166666662199
37.563333333306325,-122.26416666662186
37.58194444441745,-122.40305555551086
37.906666666639936,-122.30222222217745
37.56805555552855,-122.03111111106612
37.79777777775096,-122.43111111106644
37.79999999997318,-122.44638888884423
37.71722222219534,-121.93749999995494
37.42333333330622,-122.16638888884401
37.776111111084276,-122.42055555551087
38.01249999997335,-121.90472222217713
37.40972222219509,-121.9088888888438
37.88222222219547,-122.27305555551075
37.64694444441751,-122.06694444439948
37.76305555552871,-122.2372222221774
37.776666666639834,-122.46055555551091
37.661944444417514,-121.87999999995489
37.641111111084165,-122.11194444439951
38.30083333330692,-122.30499999995523
37.457777777750685,-122.1877777777329
38.29888888886247,-122.49027777773316
37.38583333330619,-122.12166666662175
37.94861111108441,-121.71527777773254
37.76999999997316,-122.42972222217755
38.00999999997335,-122.09555555551061
38.0169444444178,-122.2611111110663
37.749444444417584,-122.18277777773291
37.76583333330649,-122.42472222217755
38.0030555555289,-121.88027777773266
37.770277777750934,-122.24888888884406
37.938611111084406,-122.34749999995526
37.912222222195496,-122.34388888884415
37.50833333330628,-122.30138888884412
37.991388888862225,-121.71138888884364
37.96749999997332,-122.04166666662168
37.37277777775062,-122.05944444439947
37.71527777775089,-122.47249999995536
37.715555555528674,-122.06999999995504
37.776111111084276,-122.45888888884424
37.9613888888622,-122.34888888884416
37.573888888861894,-122.3380555555108
37.510555555528505,-122.29805555551077
37.776666666639834,-122.45611111106646
37.784166666639834,-122.21222222217737
37.814999999973196,-122.27916666662188
37.57277777775078,-121.97694444439941
37.75749999997315,-122.40166666662198
37.78555555552873,-122.47583333328869
37.739722222195354,-122.42611111106643
38.33972222219584,-122.32638888884414
37.91999999997328,-122.30361111106633
37.34027777775059,-122.01666666662166
37.683611111084204,-122.11444444439952
37.774722222195386,-122.46638888884425
37.56388888886188,-122.29555555551077
37.693888888861984,-122.1097222221773
37.695277777750874,-122.18194444439958
37.94361111108441,-121.72999999995477
38.03638888886226,-121.96722222217718
37.91555555552883,-122.04444444439946
37.66805555552863,-121.77222222217702
37.44722222219512,-122.16499999995511
37.91999999997328,-122.01722222217722
37.7277777777509,-122.18027777773291
37.82972222219543,-122.19583333328848
37.944166666639966,-122.03027777773279
37.9499999999733,-122.02027777773277
37.863611111084346,-122.29416666662189
37.756666666639816,-122.4972222221776
37.72055555552868,-122.4013888888442
37.53583333330631,-121.9708333332883
38.256666666640214,-122.62277777773326
37.55194444441743,-122.27611111106631
37.99222222219556,-121.7308333332881
37.762777777750934,-122.27083333328854
37.77222222219538,-122.41472222217753
37.793333333306514,-122.40638888884419
37.743333333306474,-122.16638888884401
37.763611111084266,-122.41888888884421
38.24638888886243,-121.98222222217719
37.716111111084224,-122.06888888884393
37.87666666663991,-122.07333333328837
37.91888888886217,-122.310277777733
37.42361111108399,-122.1574999999551
37.68527777775087,-121.7611111110659
37.782222222195394,-122.43388888884422
37.39583333330619,-122.02361111106612
38.06666666664006,-122.56111111106654
37.77444444441761,-122.43277777773311
37.931666666639956,-122.53944444439986
37.723888888862014,-122.41555555551088
37.82083333330653,-122.2611111110663
37.9311111110844,-121.74916666662145
37.846944444417666,-122.1322222221773
37.84916666663989,-122.27555555551076
38.00083333330668,-122.31222222217745
37.85083333330656,-122.1374999999551
37.693333333306434,-122.46249999995536
37.520277777750735,-121.97166666662163
37.63888888886194,-122.0894444443995
37.96694444441776,-122.28499999995522
37.436944444417335,-122.12555555551064
37.40666666663954,-122.11861111106619
37.78111111108428,-122.47722222217759
37.79499999997318,-122.24499999995518
37.684999999973094,-122.1374999999551
37.561388888861885,-122.32472222217747
37.864999999973236,-122.26583333328853
38.339444444418056,-122.51027777773317
37.43166666663956,-122.12555555551064
37.43749999997289,-122.11944444439952
37.784444444417616,-122.41472222217753
37.69777777775088,-122.11305555551063
37.55249999997299,-122.04611111106612
37.432777777750665,-121.86916666662154
37.579444444417454,-122.35555555551082
38.177499999973485,-122.13444444439953
37.4172222221951,-122.13499999995508
38.28916666664024,-122.300277777733
37.457222222195135,-122.16055555551067
37.49722222219516,-121.91944444439936
38.29333333330691,-121.97694444439941
37.784166666639834,-122.45333333328868
37.94027777775107,-122.3433333332886
37.68944444441754,-122.07388888884392
37.542499999972975,-122.30805555551079
37.749444444417584,-122.42111111106644
38.170555555529035,-122.12999999995509
37.84305555552877,-122.24944444439963
38.06972222219562,-122.54305555551097
37.695277777750874,-122.1474999999551
37.86888888886213,-122.2511111110663
37.775833333306494,-122.43888888884422
37.746666666639804,-122.15861111106622
37.71361111108423,-122.43749999995534
37.784444444417616,-122.41472222217753
37.721111111084234,-122.43888888884422
37.8919444444177,-122.12472222217731
38.11277777775121,-122.26555555551076
38.30999999997359,-122.29194444439966
37.93499999997329,-121.70277777773252
37.81583333330653,-122.21777777773293
37.97166666663999,-122.03361111106612
37.47833333330626,-122.23416666662183
37.466944444417365,-122.21583333328849
37.55527777775077,-121.9708333332883
37.89666666663993,-122.30194444439967
37.70805555552867,-122.12694444439953
37.770277777750934,-122.43499999995534
37.95694444441775,-122.10749999995507
37.523888888861855,-122.33416666662191
37.778888888862056,-122.48555555551093
38.02722222219559,-121.92222222217714
37.76388888886204,-122.48666666662204
37.632222222195274,-122.45722222217758
37.795555555528736,-122.40555555551086
37.99361111108445,-122.03583333328835
37.58805555552857,-122.03666666662168
38.281944444418016,-122.00999999995499
37.86444444441768,-122.0288888888439
37.55527777775077,-121.9708333332883
37.39888888886175,-122.10055555551062
37.93222222219551,-122.3658333332886
37.730833333306464,-122.38333333328862
37.71527777775089,-122.06972222217726
37.744166666639806,-122.43027777773311
37.80138888886207,-122.41444444439976
38.12583333330678,-122.26916666662187
37.98499999997333,-121.99888888884387
37.95861111108442,-122.54805555551097
37.781666666639836,-122.43222222217756
37.99583333330667,-121.72499999995476
37.532777777750745,-122.25555555551074
38.16166666664014,-122.24499999995518
37.71805555552867,-121.91194444439935
38.00916666664002,-122.30527777773301
37.78388888886206,-122.41444444439976
37.99444444441778,-122.32972222217747
38.261944444418,-122.02861111106611
37.715555555528674,-122.03583333328835
37.543888888861865,-121.99083333328831
37.97138888886221,-122.54277777773319
38.0005555555289,-122.03555555551057
37.78194444441761,-122.43749999995534
37.741944444417584,-121.91555555551047
37.988611111084445,-122.0288888888439
37.78833333330651,-122.4152777777331
37.448055555528455,-122.25361111106629
38.03222222219559,-121.96222222217718
38.245555555529094,-122.01444444439944
37.76527777775093,-122.42305555551087
37.6622222221953,-122.05833333328836
37.35333333330616,-122.0263888888439
37.70611111108422,-122.10888888884396
37.67888888886198,-122.13499999995508
37.668333333306414,-122.12805555551064
37.72499999997312,-121.72666666662143
37.726666666639794,-121.91083333328825
37.8591666666399,-122.25388888884407
37.46499999997292,-121.89833333328824
37.83194444441765,-122.01472222217721
37.67333333330642,-122.10055555551062
37.67194444441753,-122.48944444439982
37.96666666663998,-122.03555555551057
37.89944444441771,-122.53527777773319
37.90416666663993,-122.07138888884393
37.50472222219517,-122.26527777773298
37.800833333306514,-122.42166666662199
37.778055555528724,-122.39305555551086
37.565555555528555,-121.99027777773276
37.91138888886216,-122.292777777733
37.95611111108442,-122.3458333332886
37.65194444441751,-121.66416666662138
38.026111111084475,-121.89694444439934
37.69722222219532,-122.08138888884393
37.736944444417574,-122.02777777773278
37.783055555528726,-122.21749999995515
38.28833333330691,-122.29944444439967
37.761388888862044,-122.23499999995516
37.787222222195396,-122.23305555551073
37.78666666663984,-122.40249999995531
37.568888888861885,-122.28916666662188
38.447222222195926,-121.85361111106597
37.734999999973134,-122.1852777777329
37.713333333306444,-121.74444444439922
37.775277777750944,-122.47388888884426
37.48333333330626,-122.22111111106626
37.55666666663966,-121.99499999995498
37.42055555552844,-121.97194444439941
37.782222222195394,-122.46166666662202
37.916388888862166,-122.48055555551092
37.920555555528836,-122.07416666662171
37.57083333330633,-122.35138888884416
37.72694444441757,-122.39944444439975
37.725833333306454,-122.43333333328866
37.77555555552872,-122.47777777773314
37.805277777750966,-121.9847222221772
37.750833333306474,-121.8949999999549
37.80888888886208,-122.23416666662183
37.974722222195545,-122.32305555551079
37.79638888886207,-122.41749999995531
38.310833333306924,-122.33027777773303
37.76999999997316,-122.429166666622
37.71722222219534,-122.15111111106621
37.36527777775061,-122.08305555551061
38.288888888862466,-122.43416666662199
37.86722222219546,-122.25833333328852
37.789722222195394,-122.22249999995516
38.173333333306815,-122.25638888884407
37.723888888862014,-122.48305555551093
37.75833333330648,-122.43611111106644
37.87833333330658,-122.44777777773312
37.844166666639886,-122.25666666662185
37.66999999997308,-122.47888888884425
37.71166666663978,-122.08138888884393
37.775277777750944,-122.44277777773311
37.98527777775111,-122.32277777773302
37.741111111084244,-122.2572222221774
37.602222222195245,-122.02027777773277
37.61861111108415,-122.0880555555106
37.72638888886201,-122.42833333328866
38.347222222195846,-122.2649999999552
37.802499999973186,-122.21222222217737
38.24611111108465,-122.17472222217735
38.287222222195794,-122.45972222217758
37.36027777775061,-122.04805555551057
37.95222222219553,-121.92111111106603
37.903888888862156,-122.05333333328836
37.53249999997297,-121.96472222217717
37.81249999997319,-121.95527777773273
37.41305555552843,-122.1222222221773
37.66944444441752,-122.08999999995505
37.73749999997313,-122.50527777773317
38.321944444418044,-122.45916666662201
37.90472222219549,-122.19638888884403
37.87833333330658,-122.53305555551097
37.92416666663995,-122.50972222217761
37.67916666663975,-122.48722222217759
37.3666666666395,-122.09638888884395
37.89249999997326,-122.16305555551067
38.25277777775133,-122.06111111106614
37.783055555528726,-122.41749999995531
37.87527777775102,-122.28666666662188
37.80194444441763,-122.41027777773309
38.00861111108446,-122.12777777773286
37.70666666663978,-122.45138888884424
37.71722222219534,-122.48027777773315
37.78944444441762,-122.2169444443996
37.751111111084256,-122.48944444439982
37.92944444441773,-122.52416666662207
37.80555555552874,-122.40999999995532
37.60944444441748,-122.39555555551085
37.963611111084425,-122.0338888888439
37.550277777750765,-121.99944444439943
37.786944444417614,-121.97583333328829
37.99583333330667,-122.47416666662203
37.723333333306456,-122.18055555551068
37.40249999997287,-122.08277777773283
38.44277777775147,-121.82083333328818
37.726111111084236,-122.46277777773314
37.779444444417614,-122.48972222217759
37.46166666663958,-122.22499999995516
37.45277777775068,-122.13861111106621
38.30027777775136,-122.27861111106631
37.84111111108433,-122.2269444443996
37.95333333330664,-121.93861111106605
38.12499999997344,-122.24111111106629
37.747499999973144,-122.50249999995539
37.6722222221953,-121.90027777773268
37.64638888886195,-122.08083333328838
37.540555555528535,-122.03861111106613
38.05027777775116,-122.52805555551096
37.79305555552873,-122.18499999995512
37.73611111108424,-122.1877777777329
37.67833333330642,-121.77055555551036
37.59722222219524,-122.39138888884419
37.76388888886204,-121.94333333328827
37.72499999997312,-122.41944444439976
37.862222222195456,-122.2561111110663
37.71027777775089,-122.45194444439979
37.39222222219508,-122.0627777777328
38.281944444418016,-122.04472222217724
37.78111111108428,-122.44361111106645
37.8780555555288,-122.26055555551075
37.682777777750864,-122.46194444439979
37.508611111084065,-122.2763888888441
37.734166666639794,-122.14444444439954
37.582777777750785,-122.47361111106648
37.647499999973064,-121.75555555551034
37.89055555552881,-122.54083333328875
37.976111111084435,-122.56777777773321
37.716944444417564,-122.46916666662203
37.564722222195215,-122.29666666662189
37.7366666666398,-122.13666666662176
38.362222222195854,-122.28444444439965
37.67916666663975,-121.89055555551045
37.746111111084254,-122.47499999995536
38.14999999997346,-122.23833333328851
37.715555555528674,-122.06999999995504
37.726666666639794,-122.42222222217754
37.93555555552885,-121.73916666662144
37.42194444441733,-121.91444444439936
37.933055555528846,-122.3711111110664
37.66805555552863,-121.7813888888437
37.99222222219556,-122.53166666662207
38.31277777775137,-122.30055555551078
37.693333333306434,-121.94527777773271
38.0888888888623,-122.5602777777332
37.856666666639896,-122.29055555551078
38.00694444441779,-122.09138888884395
37.95194444441775,-122.32527777773302
37.59861111108413,-122.00222222217721
37.82916666663987,-121.96861111106607
38.45027777775148,-121.84416666662152
37.71444444441756,-121.86333333328821
37.655833333306404,-122.46416666662202
37.72972222219535,-122.37444444439973
37.43333333330622,-122.11527777773286
37.631388888861935,-122.40666666662197
37.42388888886177,-122.1172222221773
38.01388888886224,-122.12555555551064
37.36361111108395,-122.02361111106612
37.675277777750864,-121.78277777773259
37.79999999997318,-122.41805555551088
37.791944444417624,-122.44638888884423
37.748055555528694,-121.9505555555105
37.55527777775077,-121.9708333332883
37.73749999997313,-122.24749999995518
38.12527777775122,-122.58277777773323
37.43666666663956,-121.88805555551045
37.81472222219542,-122.28083333328854
37.36861111108395,-122.03972222217723
38.005277777751125,-122.3016666666219
37.721111111084234,-122.39138888884419
37.79388888886207,-122.21194444439959
38.27166666664023,-122.04555555551057
37.752222222195364,-122.45777777773313
37.96194444441776,-122.08249999995505
37.740555555528694,-122.50333333328872
37.653611111084174,-122.01833333328833
37.773333333306496,-122.42416666662199
38.02083333330669,-121.87638888884378
37.79111111108429,-122.19749999995514
37.736388888862024,-122.16194444439955
38.03833333330671,-122.26555555551076
37.379999999972846,-122.09027777773284
37.691944444417544,-122.14722222217732
38.2152777777513,-121.66666666662138
37.85222222219545,-122.26694444439964
37.72916666663979,-122.18555555551069
37.786944444417614,-122.24138888884407
37.80305555552874,-122.40694444439976
37.45527777775069,-122.26722222217742
37.91666666663994,-121.72694444439921
37.39888888886175,-121.9238888888438
38.33111111108472,-122.29444444439966
37.89527777775104,-122.51444444439984
37.94388888886219,-122.53583333328875
37.678055555528644,-122.48277777773315
37.759166666639814,-122.431666666622
37.93277777775107,-122.03111111106612
37.828888888862096,-122.2094444443996
37.755833333306484,-122.41194444439975
37.75499999997315,-122.47888888884425
37.99583333330667,-121.72499999995476
38.15055555552902,-122.26277777773296
37.764166666639824,-121.888611111066
37.76166666663982,-122.23111111106628
37.75472222219537,-122.48027777773315
38.020555555528915,-122.26138888884408
37.678611111084194,-121.91472222217713
37.596666666639685,-122.07638888884394
38.26833333330689,-121.98999999995497
37.664722222195294,-121.76833333328813
37.573888888861894,-122.3380555555108
38.013611111084465,-122.5541666666221
37.70833333330644,-122.46222222217757
37.59444444441746,-122.08333333328838
37.400277777750645,-122.05944444439947
37.938611111084406,-122.3622222221775
38.293055555529136,-122.27472222217743
37.47416666663959,-122.20833333328848
37.49999999997294,-122.27277777773298
37.74083333330647,-121.91611111106603
38.112222222195655,-122.58111111106656
38.0055555555289,-121.82749999995484
38.09888888886231,-122.22777777773294
37.79666666663985,-122.43444444439977
37.41277777775065,-121.91083333328825
37.77722222219539,-122.4177777777331
37.639166666639724,-122.05611111106614
37.914999999973276,-122.30222222217745
37.51249999997295,-122.48111111106648
38.283333333306906,-122.01222222217721
38.27944444441801,-122.26277777773296
37.89222222219548,-122.2069444443996
37.34972222219505,-122.02305555551055
37.55472222219521,-122.02027777773277
38.11722222219566,-122.2144444443996
37.483611111084045,-122.20472222217737
38.25972222219578,-122.64583333328883
37.350833333306156,-122.01611111106611
37.44833333330624,-122.16499999995511
38.01305555552891,-122.56083333328877
38.281944444418016,-122.46472222217757
37.860833333306566,-122.26305555551075
37.778055555528724,-122.39305555551086
37.96555555552887,-121.70527777773252
37.75333333330648,-122.3936111110664
37.72499999997312,-122.43416666662199
37.664166666639744,-121.79944444439927
37.72055555552868,-122.4013888888442
37.39888888886175,-121.9238888888438
37.653055555528624,-122.40999999995532
37.77722222219539,-122.26666666662186
37.36305555552839,-122.0211111110661
37.69722222219532,-122.06305555551059
37.39611111108397,-122.09916666662173
37.86749999997324,-122.25916666662185
38.28416666664024,-122.29861111106634
37.82583333330654,-121.99638888884387
37.945555555528856,-122.36138888884416
37.35166666663949,-122.00194444439943
37.744722222195364,-122.16666666662178
37.744722222195364,-122.47055555551091
37.8591666666399,-122.26333333328853
37.77722222219539,-122.4177777777331
37.76055555552871,-122.42555555551088
37.8111111110843,-121.90305555551046
37.67555555552864,-122.14861111106622
37.48472222219515,-122.25527777773297
37.52694444441741,-121.95861111106606
37.692499999973094,-122.10555555551062
37.75888888886204,-122.50722222217762
37.798333333306516,-122.40722222217754
37.60527777775081,-122.02277777773278
37.746944444417586,-122.50333333328872
37.379999999972846,-122.05777777773281
37.994166666640005,-122.28222222217744
37.37611111108396,-122.04416666662169
37.71638888886201,-121.87111111106599
37.82527777775098,-122.23638888884406
37.39083333330619,-122.10416666662174
37.708888888862,-122.42722222217755
38.0397222221956,-122.54749999995542
37.66027777775085,-121.86694444439932
37.78611111108428,-122.47138888884425
37.431111111084,-121.88444444439934
37.71361111108423,-121.72999999995477
37.9311111110844,-121.7144444443992
37.53166666663964,-122.34166666662192
37.40444444441731,-122.24527777773295
37.72638888886201,-122.42166666662199
37.999722222195565,-121.7294444443992
38.06388888886228,-122.54166666662208
38.248333333306874,-122.05222222217725
37.9563888888622,-122.0919444443995
37.556388888861875,-122.05694444439948
37.86861111108435,-122.297777777733
37.659166666639734,-122.44694444439979
37.770277777750934,-122.40333333328864
37.645277777750835,-122.43361111106644
37.82972222219543,-122.2194444443996
37.41027777775065,-121.88944444439935
38.29194444441802,-122.01666666662166
37.99111111108445,-121.87888888884378
37.789722222195394,-122.21416666662182
37.548055555528535,-122.01194444439943
37.517499999972955,-121.95111111106606
37.737777777750914,-122.47416666662203
37.373055555528396,-122.04416666662169
37.8174999999732,-122.25527777773297
37.730277777750906,-122.40472222217753
37.736388888862024,-122.42111111106644
37.40166666663953,-122.10388888884395
38.29916666664025,-122.29499999995522
37.759166666639814,-122.42444444439977
37.678611111084194,-122.48888888884426
37.81472222219542,-122.2699999999552
37.88527777775103,-122.08222222217726
37.80472222219541,-122.44111111106645
37.58111111108412,-122.34999999995526
37.748333333306476,-122.40999999995532
37.675833333306414,-121.78555555551037
37.553611111084095,-122.34777777773304
37.704999999973104,-121.89944444439935
37.60194444441747,-122.02083333328834
38.267777777751334,-122.00888888884388
37.967777777751095,-122.28027777773299
38.04444444441782,-122.52888888884429
37.89027777775103,-122.53333333328874
37.728055555528684,-121.93249999995493
37.58111111108412,-122.33083333328858
37.767499999973154,-122.44499999995534
37.91138888886216,-122.53972222217763
37.88749999997325,-122.13472222217732
37.859444444417676,-122.26055555551075
37.543333333306315,-121.9833333332883
37.721111111084234,-122.45861111106646
37.55055555552854,-122.35138888884416
37.56444444441744,-122.00944444439943
37.661388888861964,-122.48249999995537
38.27138888886245,-122.63944444439994
37.980277777751105,-122.57249999995544
38.063611111084505,-122.17444444439957
