policy,n_evaluated,mean_reward,outcome_loss_mean,outcome_loss_se,recovered_pct,depth,n_leaves
MDP_optimal,200,0.383739709437912,0.0,0.0,100.0,,
tree_depth_1,200,0.3835857518442283,0.00015395759368369149,8.430457321513855e-5,99.95987968148795,1,2
tree_depth_2,200,0.38362418390887365,0.0001155255290382784,7.533166285074486e-5,99.96989482031779,2,4
tree_depth_3,200,0.3836661186021352,7.359083577678921e-5,7.038786830198842e-5,99.9808227207227,3,7
tree_depth_4,200,0.3837239579381157,1.5751499796232414e-5,4.022709984622945e-5,99.99589526457419,4,12
tree_depth_5,200,0.3837073765404193,3.233289749264373e-5,4.131418104106542e-5,99.99157426330989,5,17
tree_depth_6,200,0.3837073765404193,3.233289749264373e-5,4.131418104106542e-5,99.99157426330989,6,20
tree_depth_8,200,0.3837073765404193,3.233289749264373e-5,4.131418104106542e-5,99.99157426330989,8,21
tree_depth_10,200,0.3837073765404193,3.233289749264373e-5,4.131418104106542e-5,99.99157426330989,10,22
tree_depth_inf,200,0.383684926315027,5.4783122884946854e-5,4.694229319571261e-5,99.98572388482673,-1,22
Nearest,200,0.3571501515359068,0.026589557902005182,0.002320205023045952,93.07093916838771,,
Heuristic_1,200,0.38313446193845335,0.0006052474994585575,0.0001517841243217046,99.8422765524201,,
Heuristic_2,200,0.3609326589018258,0.02280705053608613,0.0020643304818738213,94.05663527251504,,
